{"IcoMoonType":"selection","icons":[{"icon":{"paths":["M0 0v1024h1024v-1024zM171.069 128.52l681.854 247.326v88.289l-681.854 247.326v-96.8l548.893-194.13-548.893-195.194zM244.208 348.929c40.394 0.002 73.139 32.749 73.139 73.143 0 0.002-0 0.004-0 0.006l0-0c-0.002 40.393-32.746 73.137-73.139 73.139l-0 0c-40.393-0.002-73.137-32.746-73.139-73.139l-0-0c-0-0.002-0-0.004-0-0.006 0-40.394 32.745-73.141 73.139-73.143l0-0zM852.915 551.36v96.8l-681.854 247.326v-96.8z"],"attrs":[{}],"isMulticolor":false,"isMulticolor2":false,"grid":0,"tags":["ff"]},"attrs":[{}],"properties":{"order":3,"id":0,"name":"fs-logo","prevSize":32,"code":59648},"setIdx":0,"setId":2,"iconIdx":0}],"height":1024,"metadata":{"name":"icomoon"},"preferences":{"showGlyphs":true,"showQuickUse":true,"showQuickUse2":true,"showSVGs":true,"fontPref":{"prefix":"icon-","metadata":{"fontFamily":"icomoon"},"metrics":{"emSize":1024,"baseline":6.25,"whitespace":50},"embed":false},"imagePref":{"prefix":"icon-","png":true,"useClassSelector":true,"color":0,"bgColor":16777215,"classSelector":".icon","name":"icomoon","autoHost":true},"historySize":50,"showCodes":true,"gridSize":16,"quickUsageToken":{"UntitledProject":"MDBmYzFkM2ZjZTYzYWI2YTVkYmVlMjE2NGZiNjcwNGYjMSMxNTg3MzU2ODQ0IyMj"}}}